site,collection,date,type,name,population,plot,plant height (cm),leaf count,stem circumference (cm),light penetration,node number,distance between node and tassel (cm),stage,height of lowest ear (cm),rowlength,totalplantcount,totalstoverbiomass_wet_g,totalearcount,totalearbiomass_wet_g,subsample_specs,stover_wet_withbag_g,stover_wet_g,stover_bagtare_g,stover_dry_g,stover_Ncontent_percent,grain_wet_g,grain_dry_g,grain_Ncontent_percent,grain_moisturePercent_atharvest,grain_testweight_lbbu_atharvest,grain_moisturePercent_afterdryer,grain_testweight_lbbu_afterdryer,grain_moisturePercent_afterdryerandaspiration,grain_testweight_lbbu_afterdryerandaspiration,notes
st paul,growth monitoring,7/19/2024,conventional,DKC56-65Rib,32000,12,173,8,11.5,,13,55,,,,,,,,,,,,,,,,,,,,,,,
st paul,growth monitoring,7/19/2024,short,PR106-21SSC,39000,11,134,5,11.5,,12,29,,,,,,,,,,,,,,,,,,,,,,,
st paul,growth monitoring,7/19/2024,short,PR106-20SSC,39000,10,126,6,11,,12,30,,,,,,,,,,,,,,,,,,,,,,,
st paul,growth monitoring,7/19/2024,short,PR105-20SSC,39000,9,129,5,10.5,,12,19,,,,,,,,,,,,,,,,,,,,,,,
st paul,growth monitoring,7/19/2024,conventional,DKC56-65Rib,32000,8,157,6,9,,12,59,,,,,,,,,,,,,,,,,,,,,,,
st paul,growth monitoring,7/19/2024,short,PR106-21SSC,39000,7,123,5,10,,11,28,,,,,,,,,,,,,,,,,,,,,,,
st paul,growth monitoring,7/19/2024,short,PR106-20SSC,39000,6,131,6,11,,14,35,,,,,,,,,,,,,,,,,,,,,,,
st paul,growth monitoring,7/19/2024,short,PR105-20SSC,39000,5,123,6,11.5,,12,19,,,,,,,,,,,,,,,,,,,,,,,
st paul,growth monitoring,7/19/2024,conventional,DKC56-65Rib,32000,4,151,7,9.5,,16,62,,,,,,,,,,,,,,,,,,,,,,,
st paul,growth monitoring,7/19/2024,short,PR106-21SSC,39000,3,129,6,10.5,,12,32,,,,,,,,,,,,,,,,,,,,,,,
st paul,growth monitoring,7/19/2024,short,PR106-20SSC,39000,2,126,6,10.5,,12,30,,,,,,,,,,,,,,,,,,,,,,,
st paul,growth monitoring,7/19/2024,short,PR105-20SSC,39000,1,128,6,11,,11,28,,,,,,,,,,,,,,,,,,,,,,,
st paul,growth monitoring,7/25/2024,conventional,DKC56-65Rib,32000,12,216,8,10,15,12,97,,,,,,,,,,,,,,,,,,,,,,,
st paul,growth monitoring,7/25/2024,short,PR106-21SSC,39000,11,149,7,12,8,12,67,,,,,,,,,,,,,,,,,,,,,,,
st paul,growth monitoring,7/25/2024,short,PR106-20SSC,39000,10,154,7,11,8,12,69,,,,,,,,,,,,,,,,,,,,,,,
st paul,growth monitoring,7/25/2024,short,PR105-20SSC,39000,9,148,7,10,10,12,52,,,,,,,,,,,,,,,,,,,,,,,
st paul,growth monitoring,7/25/2024,conventional,DKC56-65Rib,32000,8,199,9,11,15,14,99,,,,,,,,,,,,,,,,,,,,,,,
st paul,growth monitoring,7/25/2024,short,PR106-21SSC,39000,7,153,7,12,8,11,55,,,,,,,,,,,,,,,,,,,,,,,
st paul,growth monitoring,7/25/2024,short,PR106-20SSC,39000,6,142,7,12,10,15,85,,,,,,,,,,,,,,,,,,,,,,,
st paul,growth monitoring,7/25/2024,short,PR105-20SSC,39000,5,151,7,13,7,15,50,,,,,,,,,,,,,,,,,,,,,,,
st paul,growth monitoring,7/25/2024,conventional,DKC56-65Rib,32000,4,192,8,10.5,15,14,110,,,,,,,,,,,,,,,,,,,,,,,
st paul,growth monitoring,7/25/2024,short,PR106-21SSC,39000,3,154,6,11,19,10,65,,,,,,,,,,,,,,,,,,,,,,,
st paul,growth monitoring,7/25/2024,short,PR106-20SSC,39000,2,158,6,10.5,8,12,63,,,,,,,,,,,,,,,,,,,,,,,
st paul,growth monitoring,7/25/2024,short,PR105-20SSC,39000,1,146,7,11,10,13,46,,,,,,,,,,,,,,,,,,,,,,,
st paul,growth monitoring,8/6/2024,conventional,DKC56-65Rib,32000,12,149,11,9,5,16,195,,,,,,,,,,,,,,,,,,,,,,,
st paul,growth monitoring,8/6/2024,short,PR106-21SSC,39000,11,198,11,11,3,17,159,,,,,,,,,,,,,,,,,,,,,,,
st paul,growth monitoring,8/6/2024,short,PR106-20SSC,39000,10,209,10,12,2,17,166,,,,,,,,,,,,,,,,,,,,,,,
st paul,growth monitoring,8/6/2024,short,PR105-20SSC,39000,9,211,11,10.5,3,18,149,,,,,,,,,,,,,,,,,,,,,,,
st paul,growth monitoring,8/6/2024,conventional,DKC56-65Rib,32000,8,251,10,9.5,5,11,124,,,,,,,,,,,,,,,,,,,,,,,
st paul,growth monitoring,8/6/2024,short,PR106-21SSC,39000,7,202,11,11,3,16,170,,,,,,,,,,,,,,,,,,,,,,,
st paul,growth monitoring,8/6/2024,short,PR106-20SSC,39000,6,209,11,11.5,3,15,150,,,,,,,,,,,,,,,,,,,,,,,
st paul,growth monitoring,8/6/2024,short,PR105-20SSC,39000,5,195,10,12,3,14,132,,,,,,,,,,,,,,,,,,,,,,,
st paul,growth monitoring,8/6/2024,conventional,DKC56-65Rib,32000,4,251,10,10.5,5,15,194,,,,,,,,,,,,,,,,,,,,,,,
st paul,growth monitoring,8/6/2024,short,PR106-21SSC,39000,3,196,10,12,4,17,152,,,,,,,,,,,,,,,,,,,,,,,
st paul,growth monitoring,8/6/2024,short,PR106-20SSC,39000,2,205,10,13.5,3,15,158,,,,,,,,,,,,,,,,,,,,,,,
st paul,growth monitoring,8/6/2024,short,PR105-20SSC,39000,1,205,12,11.5,2,21,163,,,,,,,,,,,,,,,,,,,,,,,
st paul,growth monitoring,8/14/2024,conventional,DKC56-65Rib,32000,12,274,13,10,0,16,215,R1,,,,,,,,,,,,,,,,,,,,,,
st paul,growth monitoring,8/14/2024,short,PR106-21SSC,39000,11,267,13,10,0,14,189,R1,,,,,,,,,,,,,,,,,,,,,,
st paul,growth monitoring,8/14/2024,short,PR106-20SSC,39000,10,287,13,10,0,15,194,R1,,,,,,,,,,,,,,,,,,,,,,
st paul,growth monitoring,8/14/2024,short,PR105-20SSC,39000,9,290,11,7,0,15,191,R1,,,,,,,,,,,,,,,,,,,,,,
st paul,growth monitoring,8/14/2024,conventional,DKC56-65Rib,32000,8,289,12,8,5,16,210,R1,,,,,,,,,,,,,,,,,,,,,,
st paul,growth monitoring,8/14/2024,short,PR106-21SSC,39000,7,293,14,10,0,15,182,R1,,,,,,,,,,,,,,,,,,,,,,
st paul,growth monitoring,8/14/2024,short,PR106-20SSC,39000,6,285,13,7,5,14,184,R1,,,,,,,,,,,,,,,,,,,,,,
st paul,growth monitoring,8/14/2024,short,PR105-20SSC,39000,5,254,13,11,5,15,175,R1,,,,,,,,,,,,,,,,,,,,,,
st paul,growth monitoring,8/14/2024,conventional,DKC56-65Rib,32000,4,290,13,9,5,16,211,R1,,,,,,,,,,,,,,,,,,,,,,
st paul,growth monitoring,8/14/2024,short,PR106-21SSC,39000,3,258,12,12,20,14,181,R1,,,,,,,,,,,,,,,,,,,,,,
st paul,growth monitoring,8/14/2024,short,PR106-20SSC,39000,2,254,12,13,5,15,168,R1,,,,,,,,,,,,,,,,,,,,,,
st paul,growth monitoring,8/14/2024,short,PR105-20SSC,39000,1,287,13,7,8,15,182,R1,,,,,,,,,,,,,,,,,,,,,,
st paul,growth monitoring,8/21/2024,conventional,DKC56-65Rib,32000,12,261,12,,3,,,R2,,,,,,,,,,,,,,,,,,,,,,
st paul,growth monitoring,8/21/2024,short,PR106-21SSC,39000,11,197,13,,1,,,R1,,,,,,,,,,,,,,,,,,,,,,
st paul,growth monitoring,8/21/2024,short,PR106-20SSC,39000,10,198,11,,1,,,R2,,,,,,,,,,,,,,,,,,,,,,
st paul,growth monitoring,8/21/2024,short,PR105-20SSC,39000,9,203,13,,1,,,R2,,,,,,,,,,,,,,,,,,,,,,
st paul,growth monitoring,8/21/2024,conventional,DKC56-65Rib,32000,8,259,13,,3,,,R2,,,,,,,,,,,,,,,,,,,,,,
st paul,growth monitoring,8/21/2024,short,PR106-21SSC,39000,7,181,13,,1,,,R2,,,,,,,,,,,,,,,,,,,,,,
st paul,growth monitoring,8/21/2024,short,PR106-20SSC,39000,6,201,14,,2,,,R2,,,,,,,,,,,,,,,,,,,,,,
st paul,growth monitoring,8/21/2024,short,PR105-20SSC,39000,5,210,13,,1,,,R1,,,,,,,,,,,,,,,,,,,,,,
st paul,growth monitoring,8/21/2024,conventional,DKC56-65Rib,32000,4,250,13,,3,,,R2,,,,,,,,,,,,,,,,,,,,,,
st paul,growth monitoring,8/21/2024,short,PR106-21SSC,39000,3,211,12,,1,,,R1,,,,,,,,,,,,,,,,,,,,,,
st paul,growth monitoring,8/21/2024,short,PR106-20SSC,39000,2,208,12,,1,,,R2,,,,,,,,,,,,,,,,,,,,,,
st paul,growth monitoring,8/21/2024,short,PR105-20SSC,39000,1,221,14,,2,,,R2,,,,,,,,,,,,,,,,,,,,,,
st paul,growth monitoring,9/3/2024,conventional,DKC56-65Rib,32000,12,300,13,,0,,,R4,126,,,,,,,,,,,,,,,,,,,,,
st paul,growth monitoring,9/3/2024,short,PR106-21SSC,39000,11,232,12,,0,,,R5,48,,,,,,,,,,,,,,,,,,,,,
st paul,growth monitoring,9/3/2024,short,PR106-20SSC,39000,10,246,12,,0,,,R5,92,,,,,,,,,,,,,,,,,,,,,
st paul,growth monitoring,9/3/2024,short,PR105-20SSC,39000,9,220,12,,0,,,R4,64,,,,,,,,,,,,,,,,,,,,,
st paul,growth monitoring,9/3/2024,conventional,DKC56-65Rib,32000,8,285,12,,5,,,R5,130,,,,,,,,,,,,,,,,,,,,,
st paul,growth monitoring,9/3/2024,short,PR106-21SSC,39000,7,234,11,,0,,,R5,77,,,,,,,,,,,,,,,,,,,,,
st paul,growth monitoring,9/3/2024,short,PR106-20SSC,39000,6,243,11,,0,,,R4,82,,,,,,,,,,,,,,,,,,,,,
st paul,growth monitoring,9/3/2024,short,PR105-20SSC,39000,5,235,12,,0,,,R3,75,,,,,,,,,,,,,,,,,,,,,
st paul,growth monitoring,9/3/2024,conventional,DKC56-65Rib,32000,4,290,12,,2,,,R4,138,,,,,,,,,,,,,,,,,,,,,
st paul,growth monitoring,9/3/2024,short,PR106-21SSC,39000,3,245,12,,0,,,R4,80,,,,,,,,,,,,,,,,,,,,,
st paul,growth monitoring,9/3/2024,short,PR106-20SSC,39000,2,251,11,,2,,,R4,97,,,,,,,,,,,,,,,,,,,,,
st paul,growth monitoring,9/3/2024,short,PR105-20SSC,39000,1,241,11,,3,,,R2,77,,,,,,,,,,,,,,,,,,,,,
st paul,growth monitoring,9/18/2024,conventional,DKC56-65Rib,32000,12,250,13,8,1,,,R4,,,,,,,,,,,,,,,,,,,,,,
st paul,growth monitoring,9/18/2024,short,PR106-21SSC,39000,11,204,13,11,0,,,R3,,,,,,,,,,,,,,,,,,,,,,
st paul,growth monitoring,9/18/2024,short,PR106-20SSC,39000,10,201,12,10,0,,,R4,,,,,,,,,,,,,,,,,,,,,,
st paul,growth monitoring,9/18/2024,short,PR105-20SSC,39000,9,207,13,10,0,,,R5,,,,,,,,,,,,,,,,,,,,,,
st paul,growth monitoring,9/18/2024,conventional,DKC56-65Rib,32000,8,250,12,9,0,,,R5,,,,,,,,,,,,,,,,,,,,,,
st paul,growth monitoring,9/18/2024,short,PR106-21SSC,39000,7,211,13,10,0,,,R5,,,,,,,,,,,,,,,,,,,,,,
st paul,growth monitoring,9/18/2024,short,PR106-20SSC,39000,6,205,13,10,0,,,R5,,,,,,,,,,,,,,,,,,,,,,
st paul,growth monitoring,9/18/2024,short,PR105-20SSC,39000,5,230,12,9,0,,,R5,,,,,,,,,,,,,,,,,,,,,,
st paul,growth monitoring,9/18/2024,conventional,DKC56-65Rib,32000,4,259,13,9,0,,,R5,,,,,,,,,,,,,,,,,,,,,,
st paul,growth monitoring,9/18/2024,short,PR106-21SSC,39000,3,209,14,10.5,1,,,R5,,,,,,,,,,,,,,,,,,,,,,
st paul,growth monitoring,9/18/2024,short,PR106-20SSC,39000,2,215,12,8,0,,,R5,,,,,,,,,,,,,,,,,,,,,,
st paul,growth monitoring,9/18/2024,short,PR105-20SSC,39000,1,208,12,11,1,,,R5,,,,,,,,,,,,,,,,,,,,,,
st paul,growth monitoring,9/30/2024,conventional,DKC56-65Rib,32000,12,251,12,8.5,1,,,R5,,,,,,,,,,,,,,,,,,,,,,
st paul,growth monitoring,9/30/2024,short,PR106-21SSC,39000,11,210,13,9.5,0,,,R5,,,,,,,,,,,,,,,,,,,,,,
st paul,growth monitoring,9/30/2024,short,PR106-20SSC,39000,10,208,11,9,0,,,R5,,,,,,,,,,,,,,,,,,,,,,
st paul,growth monitoring,9/30/2024,short,PR105-20SSC,39000,9,221,12,10,0,,,R5,,,,,,,,,,,,,,,,,,,,,,
st paul,growth monitoring,9/30/2024,conventional,DKC56-65Rib,32000,8,258,13,8,0.5,,,R5,,,,,,,,,,,,,,,,,,,,,,
st paul,growth monitoring,9/30/2024,short,PR106-21SSC,39000,7,201,12,10.5,0,,,R5,,,,,,,,,,,,,,,,,,,,,,
st paul,growth monitoring,9/30/2024,short,PR106-20SSC,39000,6,209,12,9,0,,,R5,,,,,,,,,,,,,,,,,,,,,,
st paul,growth monitoring,9/30/2024,short,PR105-20SSC,39000,5,211,12,10,1,,,R5,,,,,,,,,,,,,,,,,,,,,,
st paul,growth monitoring,9/30/2024,conventional,DKC56-65Rib,32000,4,250,13,9,1,,,R5,,,,,,,,,,,,,,,,,,,,,,
st paul,growth monitoring,9/30/2024,short,PR106-21SSC,39000,3,204,12,10,0,,,R5,,,,,,,,,,,,,,,,,,,,,,
st paul,growth monitoring,9/30/2024,short,PR106-20SSC,39000,2,205,11,9,0,,,R5,,,,,,,,,,,,,,,,,,,,,,
st paul,growth monitoring,9/30/2024,short,PR105-20SSC,39000,1,217,13,10,1,,,R5,,,,,,,,,,,,,,,,,,,,,,
st paul,growth monitoring,10/9/2024,conventional,DKC56-65Rib,32000,12,255,13,8.5,0.5,,,R6,,,,,,,,,,,,,,,,,,,,,,
st paul,growth monitoring,10/9/2024,short,PR106-21SSC,39000,11,204,14,10.5,0,,,R6,,,,,,,,,,,,,,,,,,,,,,
st paul,growth monitoring,10/9/2024,short,PR106-20SSC,39000,10,206,12,10.5,0,,,R6,,,,,,,,,,,,,,,,,,,,,,
st paul,growth monitoring,10/9/2024,short,PR105-20SSC,39000,9,215,12,10.5,0,,,R6,,,,,,,,,,,,,,,,,,,,,,
st paul,growth monitoring,10/9/2024,conventional,DKC56-65Rib,32000,8,260.5,14,9.5,0.5,,,R5,,,,,,,,,,,,,,,,,,,,,,
st paul,growth monitoring,10/9/2024,short,PR106-21SSC,39000,7,198,14,11,0,,,R6,,,,,,,,,,,,,,,,,,,,,,
st paul,growth monitoring,10/9/2024,short,PR106-20SSC,39000,6,203,14,10,0,,,R6,,,,,,,,,,,,,,,,,,,,,,
st paul,growth monitoring,10/9/2024,short,PR105-20SSC,39000,5,201,12,9.5,0.5,,,R5,,,,,,,,,,,,,,,,,,,,,,
st paul,growth monitoring,10/9/2024,conventional,DKC56-65Rib,32000,4,240,14,9,0.5,,,R6,,,,,,,,,,,,,,,,,,,,,,
st paul,growth monitoring,10/9/2024,short,PR106-21SSC,39000,3,196,13,11,0,,,R6,,,,,,,,,,,,,,,,,,,,,,
st paul,growth monitoring,10/9/2024,short,PR106-20SSC,39000,2,219,13,8.5,0,,,R6,,,,,,,,,,,,,,,,,,,,,,
st paul,growth monitoring,10/9/2024,short,PR105-20SSC,39000,1,197,14,10.5,0,,,R5,,,,,,,,,,,,,,,,,,,,,,
st paul,growth monitoring,10/16/2024,conventional,DKC56-65Rib,32000,12,240,13,9,0,,,R6,,,,,,,,,,,,,,,,,,,,,,
st paul,growth monitoring,10/16/2024,short,PR106-21SSC,39000,11,200,14,11,0,,,R6,,,,,,,,,,,,,,,,,,,,,,
st paul,growth monitoring,10/16/2024,short,PR106-20SSC,39000,10,217,14,9,0,,,R6,,,,,,,,,,,,,,,,,,,,,,
st paul,growth monitoring,10/16/2024,short,PR105-20SSC,39000,9,215,12,9.5,0,,,R6,,,,,,,,,,,,,,,,,,,,,,
st paul,growth monitoring,10/16/2024,conventional,DKC56-65Rib,32000,8,252,14,9,0.5,,,R6,,,,,,,,,,,,,,,,,,,,,,
st paul,growth monitoring,10/16/2024,short,PR106-21SSC,39000,7,197,13,10,0,,,R6,,,,,,,,,,,,,,,,,,,,,,
st paul,growth monitoring,10/16/2024,short,PR106-20SSC,39000,6,206,12,9,0,,,R6,,,,,,,,,,,,,,,,,,,,,,
st paul,growth monitoring,10/16/2024,short,PR105-20SSC,39000,5,199,12,10,0,,,R6,,,,,,,,,,,,,,,,,,,,,,
st paul,growth monitoring,10/16/2024,conventional,DKC56-65Rib,32000,4,263,13,8.5,0,,,R6,,,,,,,,,,,,,,,,,,,,,,
st paul,growth monitoring,10/16/2024,short,PR106-21SSC,39000,3,187,14,9,0.5,,,R6,,,,,,,,,,,,,,,,,,,,,,
st paul,growth monitoring,10/16/2024,short,PR106-20SSC,39000,2,204,12,10.5,0,,,R6,,,,,,,,,,,,,,,,,,,,,,
st paul,growth monitoring,10/16/2024,short,PR105-20SSC,39000,1,192,13,10.5,0,,,R6,,,,,,,,,,,,,,,,,,,,,,
st paul,harvest,10/18/2024,conventional,DKC56-65Rib,32000,12,,,,,,,,,"2 meters long at 30"" row spacing",12,2950,12,2506,"3 plants for stover analysis, 5 cobs",,691.8,,326.9,1.15,,799,1.33,18.9,56.1,7.3,59.2,7.3,60.4,the ground biomass subsample was actually quite high in water content. Needed to be put back in dryer after grinding out of concern for mold. This may make the moisture content determination null for this plot as it appears it didn't fully dry down. Unclear why this plot dried down more slowly than others. 
st paul,harvest,10/18/2024,short,PR106-21SSC,39000,11,,,,,,,,,"2 meters long at 30"" row spacing",16,4364,15,2680,"3 plants for stover analysis, 5 cobs",,625.8,,337.8,1.12,,627,1.35,20.6,56.5,7.7,59.6,7.5,61.3,
st paul,harvest,10/18/2024,short,PR106-20SSC,39000,10,,,,,,,,,"2 meters long at 30"" row spacing",19,6168,18,3786,"3 plants for stover analysis, 5 cobs",,488,,218.6,1,,631,1.37,24.9,54.2,9.3,59.8,9.2,60.4,
st paul,harvest,10/18/2024,short,PR105-20SSC,39000,9,,,,,,,,,"2 meters long at 30"" row spacing",16,3206,15,3470,"3 plants for stover analysis, 5 cobs",,594.3,,267.7,1.01,,733,1.32,21.7,52.9,7.8,58.8,7.7,59.9,
st paul,harvest,10/18/2024,conventional,DKC56-65Rib,32000,8,,,,,,,,,"2 meters long at 30"" row spacing",12,4770,11,2688,"3 plants for stover analysis, 5 cobs",,733.3,,312.1,1.03,,790,1.38,22.2,55.6,7.2,59.6,7.1,59.9,
st paul,harvest,10/18/2024,short,PR106-21SSC,39000,7,,,,,,,,,"2 meters long at 30"" row spacing",17,5284,15,2300,"3 plants for stover analysis, 5 cobs",,617,,306.9,1.05,,511,1.44,22.1,56.1,7.5,59.1,7.4,60.8,
st paul,harvest,10/18/2024,short,PR106-20SSC,39000,6,,,,,,,,,"2 meters long at 30"" row spacing",18,2958,17,3378,"3 plants for stover analysis, 5 cobs",,498.5,,248,0.84,,703,1.29,17.1,57.3,7.8,59,7.8,60.2,
st paul,harvest,10/18/2024,short,PR105-20SSC,39000,5,,,,,,,,,"2 meters long at 30"" row spacing",18,3066,17,3010,"3 plants for stover analysis, 5 cobs",,400.8,,209.8,0.75,,692,1.31,15.2,57.6,8.9,59.7,8.6,60.4,
st paul,harvest,10/18/2024,conventional,DKC56-65Rib,32000,4,,,,,,,,,"2 meters long at 30"" row spacing",12,1716,10,1856,"3 plants for stover analysis, 5 cobs",,394.9,,202.3,0.97,,818,1.42,15.9,57.4,6.9,58.5,6.9,59.5,
st paul,harvest,10/18/2024,short,PR106-21SSC,39000,3,,,,,,,,,"2 meters long at 30"" row spacing",19,3043,16,2722,"3 plants for stover analysis, 5 cobs",,487.7,,226.3,1.13,,643,1.43,16.7,55.6,7.7,60.1,7.6,61.5,insufficient pollination of ears. A couple other plots had this and it was noticeable. Could be a function of PR106-21SSC
st paul,harvest,10/18/2024,short,PR106-20SSC,39000,2,,,,,,,,,"2 meters long at 30"" row spacing",16,3274,16,3218,"3 plants for stover analysis, 5 cobs",,571.1,,256.8,1.05,,652,1.43,18.5,56.2,7.7,60.2,7.5,61.5,
st paul,harvest,10/18/2024,short,PR105-20SSC,39000,1,,,,,,,,,"2 meters long at 30"" row spacing",19,1648,20,2110,"3 plants for stover analysis, 5 cobs",,157.1,,139.7,0.68,,517,1.47,16.2,55.8,6.5,55.9,6.5,57.3,
st paul,growth monitoring,7/22/2025,,check normal stature,,101,186,12,,15,,,V12,,,,,,,,,,,,,,,,,,,,,,
st paul,growth monitoring,7/22/2025,,Pr106-21ssc,,102,187,12,,15,,,V12,,,,,,,,,,,,,,,,,,,,,,
st paul,growth monitoring,7/22/2025,,PR106-20ssc,,103,124,15,,10,,,V15,,,,,,,,,,,,,,,,,,,,,,
st paul,growth monitoring,7/22/2025,,Pr105-20ssc,,104,260,12,,10,,,V12,,,,,,,,,,,,,,,,,,,,,,
st paul,growth monitoring,7/22/2025,,206-47vt4prib,,105,232,13,,10,,,V13,,,,,,,,,,,,,,,,,,,,,,
st paul,growth monitoring,7/22/2025,,Dkc101-33rib,,106,248,13,,15,,,V13,,,,,,,,,,,,,,,,,,,,,,
st paul,growth monitoring,7/22/2025,,Dkc098-88rib,,107,250,15,,20,,,V15,,,,,,,,,,,,,,,,,,,,,,
st paul,growth monitoring,7/22/2025,,check normal stature,,201,198,14,,15,,,V14,,,,,,,,,,,,,,,,,,,,,,
st paul,growth monitoring,7/22/2025,,Pr106-21ssc,,202,183,13,,20,,,V13,,,,,,,,,,,,,,,,,,,,,,
st paul,growth monitoring,7/22/2025,,PR106-20ssc,,203,175,13,,10,,,V13,,,,,,,,,,,,,,,,,,,,,,
st paul,growth monitoring,7/22/2025,,Pr105-20ssc,,204,250,11,,10,,,V11,,,,,,,,,,,,,,,,,,,,,,
st paul,growth monitoring,7/22/2025,,206-47vt4prib,,205,234,12,,10,,,V12,,,,,,,,,,,,,,,,,,,,,,
st paul,growth monitoring,7/22/2025,,Dkc101-33rib,,206,237,13,,15,,,V13,,,,,,,,,,,,,,,,,,,,,,
st paul,growth monitoring,7/22/2025,,Dkc098-88rib,,207,234,14,,20,,,V14,,,,,,,,,,,,,,,,,,,,,,
st paul,growth monitoring,7/22/2025,,check normal stature,,301,186,13,,15,,,V13,,,,,,,,,,,,,,,,,,,,,,
st paul,growth monitoring,7/22/2025,,Pr106-21ssc,,302,180,13,,15,,,V13,,,,,,,,,,,,,,,,,,,,,,
st paul,growth monitoring,7/22/2025,,PR106-20ssc,,303,181,12,,10,,,V12,,,,,,,,,,,,,,,,,,,,,,
st paul,growth monitoring,7/22/2025,,Pr105-20ssc,,304,253,13,,10,,,V13,,,,,,,,,,,,,,,,,,,,,,
st paul,growth monitoring,7/22/2025,,206-47vt4prib,,305,237,12,,10,,,V12,,,,,,,,,,,,,,,,,,,,,,
st paul,growth monitoring,7/22/2025,,Dkc101-33rib,,306,240,12,,15,,,V12,,,,,,,,,,,,,,,,,,,,,,
st paul,growth monitoring,7/22/2025,,Dkc098-88rib,,307,254,11,,20,,,V11,,,,,,,,,,,,,,,,,,,,,,
st paul,growth monitoring,9/8/2025,,check normal stature,,101,280,14,,2,,,R3.5,,,,,,,,,,,,,,,,,,,,,,
st paul,growth monitoring,9/8/2025,,Pr106-21ssc,,102,247,13,,2,,,R4,,,,,,,,,,,,,,,,,,,,,,
st paul,growth monitoring,9/8/2025,,PR106-20ssc,,103,281,15,,0,,,R4,,,,,,,,,,,,,,,,,,,,,,
st paul,growth monitoring,9/8/2025,,Pr105-20ssc,,104,278,13,,0,,,R3.5,,,,,,,,,,,,,,,,,,,,,,
st paul,growth monitoring,9/8/2025,,206-47vt4prib,,105,215,12,,0,,,R3,,,,,,,,,,,,,,,,,,,,,,
st paul,growth monitoring,9/8/2025,,Dkc101-33rib,,106,226,11,,0,,,R3,,,,,,,,,,,,,,,,,,,,,,
st paul,growth monitoring,9/8/2025,,Dkc098-88rib,,107,209,12,,2,,,R3,,,,,,,,,,,,,,,,,,,,,,
st paul,growth monitoring,9/8/2025,,check normal stature,,201,289,16,,1,,,R3.5,,,,,,,,,,,,,,,,,,,,,,
st paul,growth monitoring,9/8/2025,,Pr106-21ssc,,202,242,13,,0,,,R3.5,,,,,,,,,,,,,,,,,,,,,,
st paul,growth monitoring,9/8/2025,,PR106-20ssc,,203,284,15,,0,,,R3.5,,,,,,,,,,,,,,,,,,,,,,
st paul,growth monitoring,9/8/2025,,Pr105-20ssc,,204,252,13,,1,,,R3.5,,,,,,,,,,,,,,,,,,,,,,
st paul,growth monitoring,9/8/2025,,206-47vt4prib,,205,228,12,,0,,,R3,,,,,,,,,,,,,,,,,,,,,,
st paul,growth monitoring,9/8/2025,,Dkc101-33rib,,206,203,9,,0,,,R4,,,,,,,,,,,,,,,,,,,,,,
st paul,growth monitoring,9/8/2025,,Dkc098-88rib,,207,197,11,,0,,,R3,,,,,,,,,,,,,,,,,,,,,,
st paul,growth monitoring,9/8/2025,,check normal stature,,301,265,15,,2,,,R3,,,,,,,,,,,,,,,,,,,,,,
st paul,growth monitoring,9/8/2025,,Pr106-21ssc,,302,242,16,,1,,,R3,,,,,,,,,,,,,,,,,,,,,,
st paul,growth monitoring,9/8/2025,,PR106-20ssc,,303,257,14,,1,,,R3,,,,,,,,,,,,,,,,,,,,,,
st paul,growth monitoring,9/8/2025,,Pr105-20ssc,,304,294,16,,0,,,R3,,,,,,,,,,,,,,,,,,,,,,
st paul,growth monitoring,9/8/2025,,206-47vt4prib,,305,213,12,,0,,,R3,,,,,,,,,,,,,,,,,,,,,,
st paul,growth monitoring,9/8/2025,,Dkc101-33rib,,306,193,13,,0,,,R3,,,,,,,,,,,,,,,,,,,,,,
st paul,growth monitoring,9/8/2025,,Dkc098-88rib,,307,210,12,,0,,,R3,,,,,,,,,,,,,,,,,,,,,,
st paul,growth monitoring,8/20/2025,,check normal stature,,101,189,10,,3,,,R3,,,,,,,,,,,,,,,,,,,,,,
st paul,growth monitoring,8/20/2025,,Pr106-21ssc,,102,223,10,,3,,,R3,,,,,,,,,,,,,,,,,,,,,,
st paul,growth monitoring,8/20/2025,,PR106-20ssc,,103,200,11,,1,,,R3,,,,,,,,,,,,,,,,,,,,,,
st paul,growth monitoring,8/20/2025,,Pr105-20ssc,,104,263,13,,2,,,R3,,,,,,,,,,,,,,,,,,,,,,
st paul,growth monitoring,8/20/2025,,206-47vt4prib,,105,260,14,,1,,,R3,,,,,,,,,,,,,,,,,,,,,,
st paul,growth monitoring,8/20/2025,,Dkc101-33rib,,106,238,12,,2,,,R3,,,,,,,,,,,,,,,,,,,,,,
st paul,growth monitoring,8/20/2025,,Dkc098-88rib,,107,255,13,,3,,,R3,,,,,,,,,,,,,,,,,,,,,,
st paul,growth monitoring,8/20/2025,,check normal stature,,201,212,11,,5,,,R3,,,,,,,,,,,,,,,,,,,,,,
st paul,growth monitoring,8/20/2025,,Pr106-21ssc,,202,201,10,,5,,,R3,,,,,,,,,,,,,,,,,,,,,,
st paul,growth monitoring,8/20/2025,,PR106-20ssc,,203,211,12,,3,,,R3,,,,,,,,,,,,,,,,,,,,,,
st paul,growth monitoring,8/20/2025,,Pr105-20ssc,,204,254,14,,2,,,R3,,,,,,,,,,,,,,,,,,,,,,
st paul,growth monitoring,8/20/2025,,206-47vt4prib,,205,267,12,,2,,,R3,,,,,,,,,,,,,,,,,,,,,,
st paul,growth monitoring,8/20/2025,,Dkc101-33rib,,206,259,14,,5,,,R3,,,,,,,,,,,,,,,,,,,,,,
st paul,growth monitoring,8/20/2025,,Dkc098-88rib,,207,258,14,,5,,,R3,,,,,,,,,,,,,,,,,,,,,,
st paul,growth monitoring,8/20/2025,,check normal stature,,301,204,11,,7,,,R3,,,,,,,,,,,,,,,,,,,,,,
st paul,growth monitoring,8/20/2025,,Pr106-21ssc,,302,208,10,,5,,,R3,,,,,,,,,,,,,,,,,,,,,,
st paul,growth monitoring,8/20/2025,,PR106-20ssc,,303,206,13,,5,,,R3,,,,,,,,,,,,,,,,,,,,,,
st paul,growth monitoring,8/20/2025,,Pr105-20ssc,,304,280,11,,5,,,R3,,,,,,,,,,,,,,,,,,,,,,
st paul,growth monitoring,8/20/2025,,206-47vt4prib,,305,257,12,,5,,,R3,,,,,,,,,,,,,,,,,,,,,,
st paul,growth monitoring,8/20/2025,,Dkc101-33rib,,306,254,13,,5,,,R3,,,,,,,,,,,,,,,,,,,,,,
st paul,growth monitoring,8/20/2025,,Dkc098-88rib,,307,224,14,,5,,,R3,,,,,,,,,,,,,,,,,,,,,,
rosemount-R22,harvest,10/22/2025,short,PR106-20ssc,,SW,,,,,,,,,,10,3072,11,3326,"5 ears, 3 plants for stover",1044,869.4,174.6,,,1772,,,,,,,,,
rosemount-R22,harvest,10/22/2025,short,PR106-20ssc,,NW,,,,,,,,,,12,3704,11,3330,"5 ears, 3 plants for stover",3330,3155,175,,,1724,,,,,,,,,
rosemount-R22,harvest,10/22/2025,short,PR106-20ssc,,NE,,,,,,,,,,13,2290,13,2078,"5 ears, 3 plants for stover",2078,1901.4,176.6,,,818,,,,,,,,,
rosemount-R22,harvest,10/22/2025,short,PR106-20ssc,,SE,,,,,,,,,,13,2846,13,2282,"5 ears, 3 plants for stover",2282,,na,,,848,,,,,,,,,
rosemount-R34,harvest,10/22/2025,conventional,PR108-20RIB,,NW,,,,,,,,,,12,1068,12,2100,"5 ears, 3 plants for stover",2100,1951,149,,,892,,,,,,,,,
rosemount-R34,harvest,10/22/2025,conventional,PR108-20RIB,,SW,,,,,,,,,,11,1736,11,2166,"5 ears, 3 plants for stover",2166,2008,158,,,1134,,,,,,,,,
rosemount-R34,harvest,10/22/2025,conventional,PR108-20RIB,,SE,,,,,,,,,,10,1154,10,1890,"5 ears, 3 plants for stover",1890,1745,145,,,1000,,,,,,,,,
rosemount-R34,harvest,10/22/2025,conventional,PR108-20RIB,,NE,,,,,,,,,,14,1344,15,2442,"5 ears, 3 plants for stover",2442,2291,151,,,868,,,,,,,,,
rosemount-R34,growth monitoring,10/31/2025,,PR108-20RIB,,NE,,,,,,,,54,,,,,,,,,,,,,,,,,,,,,
rosemount-R34,growth monitoring,10/31/2025,,PR108-20RIB,,SE,,,,,,,,54,,,,,,,,,,,,,,,,,,,,,
rosemount-R34,growth monitoring,10/31/2025,,PR108-20RIB,,SW,,,,,,,,54,,,,,,,,,,,,,,,,,,,,,
rosemount-R34,growth monitoring,10/31/2025,,PR108-20RIB,,NW,,,,,,,,54,,,,,,,,,,,,,,,,,,,,,
rosemount-R22,growth monitoring,10/31/2025,,PR106-20ssc,,SW,,,,,,,,70,,,,,,,,,,,,,,,,,,,,,
rosemount-R22,growth monitoring,10/31/2025,,PR106-20ssc,,SE,,,,,,,,70,,,,,,,,,,,,,,,,,,,,,
rosemount-R22,growth monitoring,10/31/2025,,PR106-20ssc,,NE,,,,,,,,70,,,,,,,,,,,,,,,,,,,,,
rosemount-R22,growth monitoring,10/31/2025,,PR106-20ssc,,NW,,,,,,,,70,,,,,,,,,,,,,,,,,,,,,
rosemount-R34,growth monitoring,8/14/2025,,PR108-20RIB,,NE,197,11,,,,,R2,,,,,,,,,,,,,,,,,,,,,,
rosemount-R34,growth monitoring,8/14/2025,,PR108-20RIB,,SE,179,10,,,,,R2,,,,,,,,,,,,,,,,,,,,,,
rosemount-R34,growth monitoring,8/14/2025,,PR108-20RIB,,SW,196,9,,,,,R2,,,,,,,,,,,,,,,,,,,,,,
rosemount-R34,growth monitoring,8/14/2025,,PR108-20RIB,,NW,208,11,,,,,R2,,,,,,,,,,,,,,,,,,,,,,
rosemount-R22,growth monitoring,8/14/2025,,PR106-20ssc,,SW,240,14,,,,,R2,,,,,,,,,,,,,,,,,,,,,,
rosemount-R22,growth monitoring,8/14/2025,,PR106-20ssc,,SE,210,13,,,,,R2,,,,,,,,,,,,,,,,,,,,,,
rosemount-R22,growth monitoring,8/14/2025,,PR106-20ssc,,NE,213,13,,,,,R2,,,,,,,,,,,,,,,,,,,,,,
rosemount-R22,growth monitoring,8/14/2025,,PR106-20ssc,,NW,216,13,,,,,R2,,,,,,,,,,,,,,,,,,,,,,
st paul,growth monitoring,10/13/2025,,check normal stature,,101,216,,,,,,R6,98,,,,,,,,,,,,,,,,,,,,,
st paul,growth monitoring,10/13/2025,,Pr106-21ssc,,102,206,,,,,,R6,85,,,,,,,,,,,,,,,,,,,,,
st paul,growth monitoring,10/13/2025,,PR106-20ssc,,103,203,,,,,,R6,64,,,,,,,,,,,,,,,,,,,,,
st paul,growth monitoring,10/13/2025,,Pr105-20ssc,,104,283,,,,,,R5,128,,,,,,,,,,,,,,,,,,,,,
st paul,growth monitoring,10/13/2025,,206-47vt4prib,,105,247,,,,,,R6,125,,,,,,,,,,,,,,,,,,,,,
st paul,growth monitoring,10/13/2025,,Dkc101-33rib,,106,345,,,,,,R6,167,,,,,,,,,,,,,,,,,,,,,
st paul,growth monitoring,10/13/2025,,Dkc098-88rib,,107,283,,,,,,R6,210,,,,,,,,,,,,,,,,,,,,,
st paul,growth monitoring,10/13/2025,,check normal stature,,201,200,,,,,,R6,75,,,,,,,,,,,,,,,,,,,,,
st paul,growth monitoring,10/13/2025,,Pr106-21ssc,,202,199,,,,,,R5,67,,,,,,,,,,,,,,,,,,,,,
st paul,growth monitoring,10/13/2025,,PR106-20ssc,,203,206,,,,,,R5,76,,,,,,,,,,,,,,,,,,,,,
st paul,growth monitoring,10/13/2025,,Pr105-20ssc,,204,264,,,,,,R5,127,,,,,,,,,,,,,,,,,,,,,
st paul,growth monitoring,10/13/2025,,206-47vt4prib,,205,280,,,,,,R5,136,,,,,,,,,,,,,,,,,,,,,
st paul,growth monitoring,10/13/2025,,Dkc101-33rib,,206,262,,,,,,R6,124,,,,,,,,,,,,,,,,,,,,,
st paul,growth monitoring,10/13/2025,,Dkc098-88rib,,207,262,,,,,,R6,115,,,,,,,,,,,,,,,,,,,,,
st paul,growth monitoring,10/13/2025,,check normal stature,,301,207,,,,,,R6,69,,,,,,,,,,,,,,,,,,,,,
st paul,growth monitoring,10/13/2025,,Pr106-21ssc,,302,211,,,,,,R6,88,,,,,,,,,,,,,,,,,,,,,
st paul,growth monitoring,10/13/2025,,PR106-20ssc,,303,203,,,,,,R6,66,,,,,,,,,,,,,,,,,,,,,
st paul,growth monitoring,10/13/2025,,Pr105-20ssc,,304,282,,,,,,R6,129,,,,,,,,,,,,,,,,,,,,,
st paul,growth monitoring,10/13/2025,,206-47vt4prib,,305,279,,,,,,R6,123,,,,,,,,,,,,,,,,,,,,,
st paul,growth monitoring,10/13/2025,,Dkc101-33rib,,306,261,,,,,,R6,119,,,,,,,,,,,,,,,,,,,,,
st paul,growth monitoring,10/13/2025,,Dkc098-88rib,,307,263,,,,,,R5,118,,,,,,,,,,,,,,,,,,,,,
st paul,harvest,10/21/2025,conventional,check normal stature,,101,,,,,,,,,,15,4.412,9,2326,,1094,,,,,1426,,,,,,,,,
st paul,harvest,10/21/2025,short,Pr106-21ssc,,102,,,,,,,,,,14,5.258,13,3108,,814,,,,,1108,,,,,,,,,
st paul,harvest,10/21/2025,short,PR106-20ssc,,103,,,,,,,,,,16,4.132,13,1742,,916,,,,,784,,,,,,,,,
st paul,harvest,10/21/2025,short,Pr105-20ssc,,104,,,,,,,,,,19,5.414,16,2588,,1142,,,,,884,,,,,,,,,
st paul,harvest,10/21/2025,tall,206-47vt4prib,,105,,,,,,,,,,20,3.372,15,2702,,1356,,,,,904,,,,,,,,,
st paul,harvest,10/21/2025,medium,Dkc101-33rib,,106,,,,,,,,,,16,4.222,14,2408,,1120,,,,,832,,,,,,,,,
st paul,harvest,10/21/2025,medium short,Dkc098-88rib,,107,,,,,,,,,,11,4.714,9,2050,,1136,,,,,1084,,,,,,,,,
st paul,harvest,10/21/2025,conventional,check normal stature,,201,,,,,,,,,,18,5.02,14,3114,,1028,,,,,1198,,,,,,,,,
st paul,harvest,10/21/2025,short,Pr106-21ssc,,202,,,,,,,,,,17,5.446,17,2742,,1212,,,,,1208,,,,,,,,,
st paul,harvest,10/21/2025,short,PR106-20ssc,,203,,,,,,,,,,17,5.336,17,3322,,824,,,,,976,,,,,,,,,
st paul,harvest,10/21/2025,short,Pr105-20ssc,,204,,,,,,,,,,18,5.83,14,2354,,1296,,,,,808,,,,,,,,,
st paul,harvest,10/21/2025,tall,206-47vt4prib,,205,,,,,,,,,,21,6.134,22,3454,,830,,,,,874,,,,,,,,,
st paul,harvest,10/21/2025,medium,Dkc101-33rib,,206,,,,,,,,,,17,5.474,17,2990,,1146,,,,,842,,,,,,,,,
st paul,harvest,10/21/2025,medium short,Dkc098-88rib,,207,,,,,,,,,,12,5.136,12,2670,,1202,,,,,1086,,,,,,,,,
st paul,harvest,10/21/2025,conventional,check normal stature,,301,,,,,,,,,,15,4.994,14,3096,,1220,,,,,1070,,,,,,,,,
st paul,harvest,10/21/2025,short,Pr106-21ssc,,302,,,,,,,,,,19,5.526,16,2964,,1066,,,,,856,,,,,,,,,
st paul,harvest,10/21/2025,short,PR106-20ssc,,303,,,,,,,,,,18,5.414,16,2982,,882,,,,,876,,,,,,,,,
st paul,harvest,10/21/2025,short,Pr105-20ssc,,304,,,,,,,,,,17,4.292,14,2514,,804,,,,,868,,,,,,,,,
st paul,harvest,10/21/2025,tall,206-47vt4prib,,305,,,,,,,,,,21,5.472,17,2408,,1068,,,,,642,,,,,,,,,
st paul,harvest,10/21/2025,medium,Dkc101-33rib,,306,,,,,,,,,,18,5.696,15,2794,,1216,,,,,916,,,,,,,,,
st paul,harvest,10/21/2025,medium short,Dkc098-88rib,,307,,,,,,,,,,15,5.294,14,2690,,822,,,,,930,,,,,,,,,